[
  {
    "name": "2CylinderEngine",
    "screenshot": "screenshot/screenshot.png",
    "variants": {
      "glTF": "2CylinderEngine.gltf",
      "glTF-Binary": "2CylinderEngine.glb",
      "glTF-Draco": "2CylinderEngine.gltf",
      "glTF-Embedded": "2CylinderEngine.gltf"
    }
  },
  {
    "name": "ABeautifulGame",
    "screenshot": "screenshot/screenshot.jpg",
    "variants": {
      "glTF": "ABeautifulGame.gltf"
    }
  },
  {
    "name": "AlphaBlendModeTest",
    "screenshot": "screenshot/screenshot.png",
    "variants": {
      "glTF": "AlphaBlendModeTest.gltf",
      "glTF-Binary": "AlphaBlendModeTest.glb",
      "glTF-Embedded": "AlphaBlendModeTest.gltf"
    }
  },
  {
    "name": "AnimatedCube",
    "screenshot": "screenshot/screenshot.gif",
    "variants": {
      "glTF": "AnimatedCube.gltf"
    }
  },
  {
    "name": "AnimatedMorphCube",
    "screenshot": "screenshot/screenshot.gif",
    "variants": {
      "glTF": "AnimatedMorphCube.gltf",
      "glTF-Binary": "AnimatedMorphCube.glb",
      "glTF-Quantized": "AnimatedMorphCube.gltf"
    }
  },
  {
    "name": "AnimatedMorphSphere",
    "screenshot": "screenshot/screenshot.gif",
    "variants": {
      "glTF": "AnimatedMorphSphere.gltf",
      "glTF-Binary": "AnimatedMorphSphere.glb"
    }
  },
  {
    "name": "AnimatedTriangle",
    "screenshot": "screenshot/screenshot.gif",
    "variants": {
      "glTF": "AnimatedTriangle.gltf",
      "glTF-Embedded": "AnimatedTriangle.gltf"
    }
  },
  {
    "name": "AntiqueCamera",
    "screenshot": "screenshot/screenshot.png",
    "variants": {
      "glTF": "AntiqueCamera.gltf",
      "glTF-Binary": "AntiqueCamera.glb"
    }
  },
  {
    "name": "AttenuationTest",
    "screenshot": "screenshot/screenshot.jpg",
    "variants": {
      "glTF": "AttenuationTest.gltf",
      "glTF-Binary": "AttenuationTest.glb"
    }
  },
  {
    "name": "Avocado",
    "screenshot": "screenshot/screenshot.jpg",
    "variants": {
      "glTF": "Avocado.gltf",
      "glTF-Binary": "Avocado.glb",
      "glTF-Draco": "Avocado.gltf",
      "glTF-Quantized": "Avocado.gltf"
    }
  },
  {
    "name": "BarramundiFish",
    "screenshot": "screenshot/screenshot.jpg",
    "variants": {
      "glTF": "BarramundiFish.gltf",
      "glTF-Binary": "BarramundiFish.glb",
      "glTF-Draco": "BarramundiFish.gltf"
    }
  },
  {
    "name": "BoomBox",
    "screenshot": "screenshot/screenshot.jpg",
    "variants": {
      "glTF": "BoomBox.gltf",
      "glTF-Binary": "BoomBox.glb",
      "glTF-Draco": "BoomBox.gltf"
    }
  },
  {
    "name": "BoomBoxWithAxes",
    "screenshot": "screenshot/screenshot.jpg",
    "variants": {
      "glTF": "BoomBoxWithAxes.gltf"
    }
  },
  {
    "name": "Box",
    "screenshot": "screenshot/screenshot.png",
    "variants": {
      "glTF": "Box.gltf",
      "glTF-Binary": "Box.glb",
      "glTF-Draco": "Box.gltf",
      "glTF-Embedded": "Box.gltf"
    }
  },
  {
    "name": "Box With Spaces",
    "screenshot": "screenshot/screenshot.png",
    "variants": {
      "glTF": "Box With Spaces.gltf"
    }
  },
  {
    "name": "BoxAnimated",
    "screenshot": "screenshot/screenshot.gif",
    "variants": {
      "glTF": "BoxAnimated.gltf",
      "glTF-Binary": "BoxAnimated.glb",
      "glTF-Embedded": "BoxAnimated.gltf"
    }
  },
  {
    "name": "BoxInterleaved",
    "screenshot": "screenshot/screenshot.png",
    "variants": {
      "glTF": "BoxInterleaved.gltf",
      "glTF-Binary": "BoxInterleaved.glb",
      "glTF-Embedded": "BoxInterleaved.gltf"
    }
  },
  {
    "name": "BoxTextured",
    "screenshot": "screenshot/screenshot.png",
    "variants": {
      "glTF": "BoxTextured.gltf",
      "glTF-Binary": "BoxTextured.glb",
      "glTF-Embedded": "BoxTextured.gltf"
    }
  },
  {
    "name": "BoxTexturedNonPowerOfTwo",
    "screenshot": "screenshot/screenshot.png",
    "variants": {
      "glTF": "BoxTexturedNonPowerOfTwo.gltf",
      "glTF-Binary": "BoxTexturedNonPowerOfTwo.glb",
      "glTF-Embedded": "BoxTexturedNonPowerOfTwo.gltf"
    }
  },
  {
    "name": "BoxVertexColors",
    "screenshot": "screenshot/screenshot.png",
    "variants": {
      "glTF": "BoxVertexColors.gltf",
      "glTF-Binary": "BoxVertexColors.glb",
      "glTF-Embedded": "BoxVertexColors.gltf"
    }
  },
  {
    "name": "BrainStem",
    "screenshot": "screenshot/screenshot.gif",
    "variants": {
      "glTF": "BrainStem.gltf",
      "glTF-Binary": "BrainStem.glb",
      "glTF-Draco": "BrainStem.gltf",
      "glTF-Embedded": "BrainStem.gltf",
      "glTF-Meshopt": "BrainStem.gltf"
    }
  },
  {
    "name": "Buggy",
    "screenshot": "screenshot/screenshot.png",
    "variants": {
      "glTF": "Buggy.gltf",
      "glTF-Binary": "Buggy.glb",
      "glTF-Draco": "Buggy.gltf",
      "glTF-Embedded": "Buggy.gltf"
    }
  },
  {
    "name": "Cameras",
    "screenshot": "screenshot/screenshot.png",
    "variants": {
      "glTF": "Cameras.gltf",
      "glTF-Embedded": "Cameras.gltf"
    }
  },
  {
    "name": "CarbonFibre",
    "screenshot": "screenshot/screenshot.jpg",
    "variants": {
      "glTF": "CarbonFibre.gltf",
      "glTF-Binary": "CarbonFibre.glb"
    }
  },
  {
    "name": "CesiumMan",
    "screenshot": "screenshot/screenshot.gif",
    "variants": {
      "glTF": "CesiumMan.gltf",
      "glTF-Binary": "CesiumMan.glb",
      "glTF-Draco": "CesiumMan.gltf",
      "glTF-Embedded": "CesiumMan.gltf"
    }
  },
  {
    "name": "CesiumMilkTruck",
    "screenshot": "screenshot/screenshot.gif",
    "variants": {
      "glTF": "CesiumMilkTruck.gltf",
      "glTF-Binary": "CesiumMilkTruck.glb",
      "glTF-Draco": "CesiumMilkTruck.gltf",
      "glTF-Embedded": "CesiumMilkTruck.gltf"
    }
  },
  {
    "name": "ClearCoatCarPaint",
    "screenshot": "screenshot/screenshot.jpg",
    "variants": {
      "glTF": "ClearCoatCarPaint.gltf",
      "glTF-Binary": "ClearCoatCarPaint.glb"
    }
  },
  {
    "name": "ClearCoatTest",
    "screenshot": "screenshot/screenshot.jpg",
    "variants": {
      "glTF": "ClearCoatTest.gltf",
      "glTF-Binary": "ClearCoatTest.glb"
    }
  },
  {
    "name": "ClearcoatRing",
    "screenshot": "screenshot/screenshot.jpg",
    "variants": {
      "glTF": "ClearcoatRing.gltf"
    }
  },
  {
    "name": "ClearcoatSphere",
    "screenshot": "screenshot/screenshot.png",
    "variants": {
      "glTF": "ClearcoatSphere.gltf"
    }
  },
  {
    "name": "ClearcoatWicker",
    "screenshot": "screenshot/screenshot.jpg",
    "variants": {
      "glTF": "ClearcoatWicker.gltf",
      "glTF-Binary": "ClearcoatWicker.glb"
    }
  },
  {
    "name": "Corset",
    "screenshot": "screenshot/screenshot.jpg",
    "variants": {
      "glTF": "Corset.gltf",
      "glTF-Binary": "Corset.glb",
      "glTF-Draco": "Corset.gltf"
    }
  },
  {
    "name": "Cube",
    "screenshot": "screenshot/screenshot.jpg",
    "variants": {
      "glTF": "Cube.gltf"
    }
  },
  {
    "name": "DamagedHelmet",
    "screenshot": "screenshot/screenshot.png",
    "variants": {
      "glTF": "DamagedHelmet.gltf",
      "glTF-Binary": "DamagedHelmet.glb",
      "glTF-Embedded": "DamagedHelmet.gltf"
    }
  },
  {
    "name": "DirectionalLight",
    "screenshot": "screenshot/screenshot.png",
    "variants": {
      "glTF": "DirectionalLight.gltf",
      "glTF-Binary": "DirectionalLight.glb"
    }
  },
  {
    "name": "DragonAttenuation",
    "screenshot": "screenshot/screenshot.jpg",
    "variants": {
      "glTF": "DragonAttenuation.gltf",
      "glTF-Binary": "DragonAttenuation.glb",
      "glTF-Meshopt": "DragonAttenuation.gltf"
    }
  },
  {
    "name": "Duck",
    "screenshot": "screenshot/screenshot.png",
    "variants": {
      "glTF": "Duck.gltf",
      "glTF-Binary": "Duck.glb",
      "glTF-Draco": "Duck.gltf",
      "glTF-Embedded": "Duck.gltf",
      "glTF-Quantized": "Duck.gltf"
    }
  },
  {
    "name": "EmissiveStrengthTest",
    "screenshot": "screenshot/screenshot.jpg",
    "variants": {
      "glTF": "EmissiveStrengthTest.gltf",
      "glTF-Binary": "EmissiveStrengthTest.glb"
    }
  },
  {
    "name": "EnvironmentTest",
    "screenshot": "screenshot/screenshot.jpg",
    "variants": {
      "glTF": "EnvironmentTest.gltf",
      "glTF-IBL": "EnvironmentTest.gltf"
    }
  },
  {
    "name": "FlightHelmet",
    "screenshot": "screenshot/screenshot.jpg",
    "variants": {
      "glTF": "FlightHelmet.gltf",
      "glTF-KTX-BasisU": "FlightHelmet.gltf"
    }
  },
  {
    "name": "Fox",
    "screenshot": "screenshot/screenshot.jpg",
    "variants": {
      "glTF": "Fox.gltf",
      "glTF-Binary": "Fox.glb"
    }
  },
  {
    "name": "GearboxAssy",
    "screenshot": "screenshot/screenshot.png",
    "variants": {
      "glTF": "GearboxAssy.gltf",
      "glTF-Binary": "GearboxAssy.glb",
      "glTF-Draco": "GearboxAssy.gltf",
      "glTF-Embedded": "GearboxAssy.gltf"
    }
  },
  {
    "name": "GlamVelvetSofa",
    "screenshot": "screenshot/screenshot.jpg",
    "variants": {
      "glTF": "GlamVelvetSofa.gltf",
      "glTF-Binary": "GlamVelvetSofa.glb"
    }
  },
  {
    "name": "InterpolationTest",
    "screenshot": "screenshot/screenshot.gif",
    "variants": {
      "glTF": "InterpolationTest.gltf",
      "glTF-Binary": "InterpolationTest.glb"
    }
  },
  {
    "name": "IridescenceDielectricSpheres",
    "screenshot": "screenshot/screenshot.jpg",
    "variants": {
      "glTF": "IridescenceDielectricSpheres.gltf"
    }
  },
  {
    "name": "IridescenceLamp",
    "screenshot": "screenshot/screenshot.jpg",
    "variants": {
      "glTF": "IridescenceLamp.gltf",
      "glTF-Binary": "IridescenceLamp.glb"
    }
  },
  {
    "name": "IridescenceMetallicSpheres",
    "screenshot": "screenshot/screenshot.jpg",
    "variants": {
      "glTF": "IridescenceMetallicSpheres.gltf"
    }
  },
  {
    "name": "IridescenceSuzanne",
    "screenshot": "screenshot/screenshot.jpg",
    "variants": {
      "glTF": "IridescenceSuzanne.gltf",
      "glTF-Binary": "IridescenceSuzanne.glb"
    }
  },
  {
    "name": "IridescentDishWithOlives",
    "screenshot": "screenshot/screenshot.jpg",
    "variants": {
      "glTF": "IridescentDishWithOlives.gltf",
      "glTF-Binary": "IridescentDishWithOlives.glb"
    }
  },
  {
    "name": "Lantern",
    "screenshot": "screenshot/screenshot.jpg",
    "variants": {
      "glTF": "Lantern.gltf",
      "glTF-Binary": "Lantern.glb",
      "glTF-Draco": "Lantern.gltf",
      "glTF-Quantized": "Lantern.gltf"
    }
  },
  {
    "name": "LightsPunctualLamp",
    "screenshot": "screenshot/screenshot.png",
    "variants": {
      "glTF": "LightsPunctualLamp.gltf",
      "glTF-Binary": "LightsPunctualLamp.glb"
    }
  },
  {
    "name": "MaterialsVariantsShoe",
    "screenshot": "screenshot/screenshot.jpg",
    "variants": {
      "glTF": "MaterialsVariantsShoe.gltf",
      "glTF-Binary": "MaterialsVariantsShoe.glb"
    }
  },
  {
    "name": "MeshPrimitiveModes",
    "screenshot": "screenshot/screenshot.png",
    "variants": {
      "glTF": "MeshPrimitiveModes.gltf",
      "glTF-Embedded": "MeshPrimitiveModes.gltf"
    }
  },
  {
    "name": "MetalRoughSpheres",
    "screenshot": "screenshot/screenshot.png",
    "variants": {
      "glTF": "MetalRoughSpheres.gltf",
      "glTF-Binary": "MetalRoughSpheres.glb",
      "glTF-Embedded": "MetalRoughSpheres.gltf"
    }
  },
  {
    "name": "MetalRoughSpheresNoTextures",
    "screenshot": "screenshot/screenshot.png",
    "variants": {
      "glTF": "MetalRoughSpheresNoTextures.gltf",
      "glTF-Binary": "MetalRoughSpheresNoTextures.glb"
    }
  },
  {
    "name": "MorphPrimitivesTest",
    "screenshot": "screenshot/screenshot.jpg",
    "variants": {
      "glTF": "MorphPrimitivesTest.gltf",
      "glTF-Binary": "MorphPrimitivesTest.glb",
      "glTF-Draco": "MorphPrimitivesTest.gltf"
    }
  },
  {
    "name": "MorphStressTest",
    "screenshot": "screenshot/screenshot.jpg",
    "variants": {
      "glTF": "MorphStressTest.gltf",
      "glTF-Binary": "MorphStressTest.glb"
    }
  },
  {
    "name": "MosquitoInAmber",
    "screenshot": "screenshot/screenshot.jpg",
    "variants": {
      "glTF": "MosquitoInAmber.gltf",
      "glTF-Binary": "MosquitoInAmber.glb"
    }
  },
  {
    "name": "MultiUVTest",
    "screenshot": "screenshot/screenshot.jpg",
    "variants": {
      "glTF": "MultiUVTest.gltf",
      "glTF-Binary": "MultiUVTest.glb",
      "glTF-Embedded": "MultiUVTest.gltf"
    }
  },
  {
    "name": "MultipleScenes",
    "screenshot": "screenshot/screenshot.png",
    "variants": {
      "glTF": "MultipleScenes.gltf",
      "glTF-Embedded": "MultipleScenes.gltf"
    }
  },
  {
    "name": "NegativeScaleTest",
    "screenshot": "screenshot/screenshot.jpg",
    "variants": {
      "glTF": "NegativeScaleTest.gltf",
      "glTF-Binary": "NegativeScaleTest.glb"
    }
  },
  {
    "name": "NormalTangentMirrorTest",
    "screenshot": "screenshot/screenshot.png",
    "variants": {
      "glTF": "NormalTangentMirrorTest.gltf",
      "glTF-Binary": "NormalTangentMirrorTest.glb",
      "glTF-Embedded": "NormalTangentMirrorTest.gltf"
    }
  },
  {
    "name": "NormalTangentTest",
    "screenshot": "screenshot/screenshot.png",
    "variants": {
      "glTF": "NormalTangentTest.gltf",
      "glTF-Binary": "NormalTangentTest.glb",
      "glTF-Embedded": "NormalTangentTest.gltf"
    }
  },
  {
    "name": "OrientationTest",
    "screenshot": "screenshot/screenshot.png",
    "variants": {
      "glTF": "OrientationTest.gltf",
      "glTF-Binary": "OrientationTest.glb",
      "glTF-Embedded": "OrientationTest.gltf"
    }
  },
  {
    "name": "PrimitiveModeNormalsTest",
    "screenshot": "screenshot/screenshot.png",
    "variants": {
      "glTF": "PrimitiveModeNormalsTest.gltf"
    }
  },
  {
    "name": "ReciprocatingSaw",
    "screenshot": "screenshot/screenshot.png",
    "variants": {
      "glTF": "ReciprocatingSaw.gltf",
      "glTF-Binary": "ReciprocatingSaw.glb",
      "glTF-Draco": "ReciprocatingSaw.gltf",
      "glTF-Embedded": "ReciprocatingSaw.gltf"
    }
  },
  {
    "name": "RecursiveSkeletons",
    "screenshot": "screenshot/screenshot.jpg",
    "variants": {
      "glTF": "RecursiveSkeletons.gltf",
      "glTF-Binary": "RecursiveSkeletons.glb"
    }
  },
  {
    "name": "RiggedFigure",
    "screenshot": "screenshot/screenshot.gif",
    "variants": {
      "glTF": "RiggedFigure.gltf",
      "glTF-Binary": "RiggedFigure.glb",
      "glTF-Draco": "RiggedFigure.gltf",
      "glTF-Embedded": "RiggedFigure.gltf"
    }
  },
  {
    "name": "RiggedSimple",
    "screenshot": "screenshot/screenshot.gif",
    "variants": {
      "glTF": "RiggedSimple.gltf",
      "glTF-Binary": "RiggedSimple.glb",
      "glTF-Draco": "RiggedSimple.gltf",
      "glTF-Embedded": "RiggedSimple.gltf"
    }
  },
  {
    "name": "SciFiHelmet",
    "screenshot": "screenshot/screenshot.jpg",
    "variants": {
      "glTF": "SciFiHelmet.gltf"
    }
  },
  {
    "name": "SheenChair",
    "screenshot": "screenshot/screenshot.jpg",
    "variants": {
      "glTF": "SheenChair.gltf",
      "glTF-Binary": "SheenChair.glb"
    }
  },
  {
    "name": "SheenCloth",
    "screenshot": "screenshot/screenshot.jpg",
    "variants": {
      "glTF": "SheenCloth.gltf"
    }
  },
  {
    "name": "SheenDamask",
    "screenshot": "screenshot/screenshot.jpg",
    "variants": {
      "glTF": "SheenDamask.gltf"
    }
  },
  {
    "name": "SheenHighHeel",
    "screenshot": "screenshot/screenshot.jpg",
    "variants": {
      "glTF": "SheenHighHeel.gltf"
    }
  },
  {
    "name": "SimpleInstancing",
    "screenshot": "screenshot/screenshot.png",
    "variants": {
      "glTF": "SimpleInstancing.gltf",
      "glTF-Binary": "SimpleInstancing.glb"
    }
  },
  {
    "name": "SimpleMeshes",
    "screenshot": "screenshot/screenshot.png",
    "variants": {
      "glTF": "SimpleMeshes.gltf",
      "glTF-Embedded": "SimpleMeshes.gltf"
    }
  },
  {
    "name": "SimpleMorph",
    "screenshot": "screenshot/screenshot.png",
    "variants": {
      "glTF": "SimpleMorph.gltf",
      "glTF-Embedded": "SimpleMorph.gltf"
    }
  },
  {
    "name": "SimpleSkin",
    "screenshot": "screenshot/screenshot.gif",
    "variants": {
      "glTF": "SimpleSkin.gltf",
      "glTF-Embedded": "SimpleSkin.gltf"
    }
  },
  {
    "name": "SimpleSparseAccessor",
    "screenshot": "screenshot/screenshot.png",
    "variants": {
      "glTF": "SimpleSparseAccessor.gltf",
      "glTF-Embedded": "SimpleSparseAccessor.gltf"
    }
  },
  {
    "name": "SpecGlossVsMetalRough",
    "screenshot": "screenshot/screenshot.jpg",
    "variants": {
      "glTF": "SpecGlossVsMetalRough.gltf",
      "glTF-Binary": "SpecGlossVsMetalRough.glb"
    }
  },
  {
    "name": "SpecularTest",
    "screenshot": "screenshot/screenshot.jpg",
    "variants": {
      "glTF": "SpecularTest.gltf",
      "glTF-Binary": "SpecularTest.glb"
    }
  },
  {
    "name": "Sponza",
    "screenshot": "screenshot/screenshot.jpg",
    "variants": {
      "glTF": "Sponza.gltf"
    }
  },
  {
    "name": "StainedGlassLamp",
    "screenshot": "screenshot/screenshot.jpg",
    "variants": {
      "glTF": "StainedGlassLamp.gltf",
      "glTF-JPG-PNG": "StainedGlassLamp.gltf",
      "glTF-KTX-BasisU": "StainedGlassLamp.gltf"
    }
  },
  {
    "name": "Suzanne",
    "screenshot": "screenshot/screenshot.jpg",
    "variants": {
      "glTF": "Suzanne.gltf"
    }
  },
  {
    "name": "SuzanneMorphSparse",
    "screenshot": "screenshot/screenshot.gif",
    "variants": {
      "glTF": "SuzanneMorphSparse.gltf",
      "glTF-Binary": "SuzanneMorphSparse.glb"
    }
  },
  {
    "name": "TextureCoordinateTest",
    "screenshot": "screenshot/screenshot.png",
    "variants": {
      "glTF": "TextureCoordinateTest.gltf",
      "glTF-Binary": "TextureCoordinateTest.glb",
      "glTF-Embedded": "TextureCoordinateTest.gltf"
    }
  },
  {
    "name": "TextureEncodingTest",
    "screenshot": "screenshot/screenshot.png",
    "variants": {
      "glTF": "TextureEncodingTest.gltf",
      "glTF-Binary": "TextureEncodingTest.glb"
    }
  },
  {
    "name": "TextureLinearInterpolationTest",
    "screenshot": "screenshot/screenshot.png",
    "variants": {
      "glTF": "TextureLinearInterpolationTest.gltf",
      "glTF-Binary": "TextureLinearInterpolationTest.glb"
    }
  },
  {
    "name": "TextureSettingsTest",
    "screenshot": "screenshot/screenshot.png",
    "variants": {
      "glTF": "TextureSettingsTest.gltf",
      "glTF-Binary": "TextureSettingsTest.glb",
      "glTF-Embedded": "TextureSettingsTest.gltf"
    }
  },
  {
    "name": "TextureTransformMultiTest",
    "screenshot": "screenshot/screenshot.jpg",
    "variants": {
      "glTF": "TextureTransformMultiTest.gltf",
      "glTF-Binary": "TextureTransformMultiTest.glb"
    }
  },
  {
    "name": "TextureTransformTest",
    "screenshot": "screenshot/screenshot.jpg",
    "variants": {
      "glTF": "TextureTransformTest.gltf"
    }
  },
  {
    "name": "ToyCar",
    "screenshot": "screenshot/screenshot.jpg",
    "variants": {
      "glTF": "ToyCar.gltf",
      "glTF-Binary": "ToyCar.glb"
    }
  },
  {
    "name": "TransmissionRoughnessTest",
    "screenshot": "screenshot/screenshot.jpg",
    "variants": {
      "glTF": "TransmissionRoughnessTest.gltf",
      "glTF-Binary": "TransmissionRoughnessTest.glb"
    }
  },
  {
    "name": "TransmissionSuzanne",
    "screenshot": "screenshot/screenshot.png",
    "variants": {
      "glTF": "TransmissionSuzanne.gltf"
    }
  },
  {
    "name": "TransmissionTest",
    "screenshot": "screenshot/screenshot.jpg",
    "variants": {
      "glTF": "TransmissionTest.gltf",
      "glTF-Binary": "TransmissionTest.glb"
    }
  },
  {
    "name": "Triangle",
    "screenshot": "screenshot/screenshot.png",
    "variants": {
      "glTF": "Triangle.gltf",
      "glTF-Embedded": "Triangle.gltf"
    }
  },
  {
    "name": "TriangleWithoutIndices",
    "screenshot": "screenshot/screenshot.png",
    "variants": {
      "glTF": "TriangleWithoutIndices.gltf",
      "glTF-Embedded": "TriangleWithoutIndices.gltf"
    }
  },
  {
    "name": "TwoSidedPlane",
    "screenshot": "screenshot/screenshot.jpg",
    "variants": {
      "glTF": "TwoSidedPlane.gltf"
    }
  },
  {
    "name": "Unicode\u2764\u267bTest",
    "screenshot": "screenshot/screenshot.png",
    "variants": {
      "glTF": "Unicode\u2764\u267bTest.gltf",
      "glTF-Binary": "Unicode\u2764\u267bTest.glb"
    }
  },
  {
    "name": "UnlitTest",
    "screenshot": "screenshot/screenshot.png",
    "variants": {
      "glTF": "UnlitTest.gltf",
      "glTF-Binary": "UnlitTest.glb"
    }
  },
  {
    "name": "VC",
    "screenshot": "screenshot/screenshot.gif",
    "variants": {
      "glTF": "VC.gltf",
      "glTF-Binary": "VC.glb",
      "glTF-Draco": "VC.gltf",
      "glTF-Embedded": "VC.gltf"
    }
  },
  {
    "name": "VertexColorTest",
    "screenshot": "screenshot/screenshot.png",
    "variants": {
      "glTF": "VertexColorTest.gltf",
      "glTF-Binary": "VertexColorTest.glb",
      "glTF-Embedded": "VertexColorTest.gltf"
    }
  },
  {
    "name": "WaterBottle",
    "screenshot": "screenshot/screenshot.jpg",
    "variants": {
      "glTF": "WaterBottle.gltf",
      "glTF-Binary": "WaterBottle.glb",
      "glTF-Draco": "WaterBottle.gltf"
    }
  },
  {
    "name": "XmpMetadataRoundedCube",
    "screenshot": "screenshot/screenshot.jpg",
    "variants": {
      "glTF": "xmp.gltf",
      "glTF-Binary": "xmp.glb"
    }
  }
]
